plec;miejsce
M;jeziora
M;jeziora
K;gory
K;gory
M;jeziora
M;jeziora
K;gory
M;morze
M;jeziora
M;morze
K;jeziora
K;gory
K;morze
K;morze
K;morze
K;gory
M;gory
K;morze
M;gory
K;jeziora
M;gory
M;gory
M;morze
M;morze
M;morze
K;morze
K;gory
M;gory
K;gory
K;gory
K;morze
K;morze
K;morze
K;morze
M;jeziora
M;jeziora
K;gory
M;gory
K;morze
M;morze
M;gory
M;jeziora
K;morze
K;jeziora
M;gory
K;gory
K;jeziora
M;gory
K;jeziora
M;gory
K;morze
M;gory
K;morze
K;morze
K;morze
M;morze
K;jeziora
M;gory
K;gory
K;jeziora
K;jeziora
K;morze
K;jeziora
M;gory
K;morze
K;jeziora
M;gory
K;morze
K;gory
M;morze
K;morze
M;morze
K;gory
K;jeziora
M;gory
K;jeziora
K;jeziora
K;gory
M;gory
M;morze
M;morze
M;morze
M;jeziora
M;jeziora
M;morze
M;gory
M;gory
K;gory
M;morze
K;morze
M;jeziora
K;jeziora
K;morze
K;morze
K;gory
M;morze
K;gory
K;jeziora
K;jeziora
K;morze
M;gory
K;gory
M;morze
M;gory
M;morze
M;gory
K;morze
K;gory
M;gory
M;gory
K;morze
M;jeziora
K;jeziora
K;jeziora
M;gory
M;gory
K;morze
M;morze
K;jeziora
K;jeziora
K;morze
K;morze
K;gory
M;morze
K;morze
K;morze
K;jeziora
K;gory
K;gory
K;jeziora
K;gory
M;jeziora
M;jeziora
K;jeziora
M;jeziora
M;gory
K;gory
M;gory
M;jeziora
M;jeziora
K;gory
K;jeziora
K;jeziora
K;jeziora
M;gory
M;gory
K;morze
M;jeziora
K;morze
M;morze
M;gory
K;morze
M;jeziora
K;morze
K;morze
K;gory
K;jeziora
M;gory
K;morze
M;jeziora
M;jeziora
K;morze
M;morze
M;gory
M;jeziora
M;jeziora
M;gory
K;jeziora
M;jeziora
M;gory
K;gory
M;jeziora
K;morze
K;morze
M;jeziora
M;gory
M;gory
K;gory
M;jeziora
K;jeziora
K;gory
M;jeziora
M;morze
M;gory
K;gory
K;gory
K;jeziora
K;jeziora
K;morze
M;jeziora
M;morze
M;gory
M;gory
M;jeziora
K;gory
M;jeziora
M;jeziora
K;jeziora
M;jeziora
K;morze
